"tstart","file","result","buzz","path","passes","pass_thresh","exp","buzzprob","channel","minfreq","maxfreq","model"
5.254,"LAND1_20230625_002633.wav",1,"Buzz","analysis/data/buzz_detector/validation_data/audio/denmark","FALSE","FALSE",1,0.8,"left",20000,50000,"rf_TEST18(17_3_24)"
3.242,"LAND10-LOT1_20230624_231020.wav",0.999666666666667,"Buzz","analysis/data/buzz_detector/validation_data/audio/denmark","FALSE","FALSE",1,0.8,"left",20000,50000,"rf_TEST18(17_3_24)"
7.723,"LAND3_20230710_213315.wav",1,"Buzz","analysis/data/buzz_detector/validation_data/audio/denmark","FALSE","FALSE",1,0.8,"left",20000,50000,"rf_TEST18(17_3_24)"
6.656,"LAND4_20230625_222921.wav",1,"Buzz","analysis/data/buzz_detector/validation_data/audio/denmark","FALSE","FALSE",1,0.8,"left",20000,50000,"rf_TEST18(17_3_24)"
6.868,"LAND4_20230625_223259.wav",0.985433333333333,"Buzz","analysis/data/buzz_detector/validation_data/audio/denmark","FALSE","FALSE",1,0.8,"left",20000,50000,"rf_TEST18(17_3_24)"
2.04,"LAND6-LOT1_20230819_032750.wav",0.998424630924631,"Buzz","analysis/data/buzz_detector/validation_data/audio/denmark","FALSE","FALSE",1,0.8,"left",20000,50000,"rf_TEST18(17_3_24)"
2.432,"LAND7-LOT1_20230908_203144.wav",0.936966666666667,"Buzz","analysis/data/buzz_detector/validation_data/audio/denmark","FALSE","FALSE",1,0.8,"left",20000,50000,"rf_TEST18(17_3_24)"
3.492,"LAND7-LOT1_20230908_203144.wav",1,"Buzz","analysis/data/buzz_detector/validation_data/audio/denmark","FALSE","FALSE",1,0.8,"left",20000,50000,"rf_TEST18(17_3_24)"
4.867,"LAND7-LOT1_20230908_203144.wav",0.882274630924631,"Buzz","analysis/data/buzz_detector/validation_data/audio/denmark","FALSE","FALSE",1,0.8,"left",20000,50000,"rf_TEST18(17_3_24)"
9.483,"LAND7-LOT1_20230908_203144.wav",0.892654329004329,"Buzz","analysis/data/buzz_detector/validation_data/audio/denmark","FALSE","FALSE",1,0.8,"left",20000,50000,"rf_TEST18(17_3_24)"
11.263,"LAND8-LOT1_20230507_200529.wav",0.998533333333333,"Buzz","analysis/data/buzz_detector/validation_data/audio/denmark","FALSE","FALSE",1,0.8,"left",20000,50000,"rf_TEST18(17_3_24)"
4.888,"LAND8-LOT1_20230508_195828.wav",1,"Buzz","analysis/data/buzz_detector/validation_data/audio/denmark","FALSE","FALSE",1,0.8,"left",20000,50000,"rf_TEST18(17_3_24)"
4.177,"LAND9-LOT1_20230723_013850.wav",1,"Buzz","analysis/data/buzz_detector/validation_data/audio/denmark","FALSE","FALSE",1,0.8,"left",20000,50000,"rf_TEST18(17_3_24)"
0.036,"REJSBY_20231105_173556.wav",0.934,"Buzz","analysis/data/buzz_detector/validation_data/audio/denmark","FALSE","FALSE",1,0.8,"left",20000,50000,"rf_TEST18(17_3_24)"
5.414,"ROEMOE_20230810_213203.wav",1,"Buzz","analysis/data/buzz_detector/validation_data/audio/denmark","FALSE","FALSE",1,0.8,"left",20000,50000,"rf_TEST18(17_3_24)"
0.104,"SKAGEN_20240103_211549.wav",0.958170995670996,"Buzz","analysis/data/buzz_detector/validation_data/audio/denmark","FALSE","FALSE",1,0.8,"left",20000,50000,"rf_TEST18(17_3_24)"
0.718,"SKAGEN_20240103_211549.wav",0.889416666666667,"Buzz","analysis/data/buzz_detector/validation_data/audio/denmark","FALSE","FALSE",1,0.8,"left",20000,50000,"rf_TEST18(17_3_24)"
1.118,"SKAGEN_20240103_211549.wav",0.830187222222222,"Buzz","analysis/data/buzz_detector/validation_data/audio/denmark","FALSE","FALSE",1,0.8,"left",20000,50000,"rf_TEST18(17_3_24)"
2.845,"SKAGEN_20240103_211549.wav",0.8023,"Buzz","analysis/data/buzz_detector/validation_data/audio/denmark","FALSE","FALSE",1,0.8,"left",20000,50000,"rf_TEST18(17_3_24)"
4.973,"SKAGEN_20240103_211549.wav",0.88215,"Buzz","analysis/data/buzz_detector/validation_data/audio/denmark","FALSE","FALSE",1,0.8,"left",20000,50000,"rf_TEST18(17_3_24)"
5.489,"SKAGEN_20240103_211549.wav",0.905978671328671,"Buzz","analysis/data/buzz_detector/validation_data/audio/denmark","FALSE","FALSE",1,0.8,"left",20000,50000,"rf_TEST18(17_3_24)"
6.228,"SKAGEN_20240103_211549.wav",0.856514285714286,"Buzz","analysis/data/buzz_detector/validation_data/audio/denmark","FALSE","FALSE",1,0.8,"left",20000,50000,"rf_TEST18(17_3_24)"
7.763,"SKAGEN_20240103_211549.wav",0.887121600621601,"Buzz","analysis/data/buzz_detector/validation_data/audio/denmark","FALSE","FALSE",1,0.8,"left",20000,50000,"rf_TEST18(17_3_24)"
7.092,"Hegne_L_20220809_214900.wav",0.998033333333333,"Buzz","analysis/data/buzz_detector/validation_data/audio/konstanz","FALSE","FALSE",1,0.8,"left",20000,50000,"rf_TEST18(17_3_24)"
7.946,"Hegne_L_20220809_214900.wav",0.982366666666667,"Buzz","analysis/data/buzz_detector/validation_data/audio/konstanz","FALSE","FALSE",1,0.8,"left",20000,50000,"rf_TEST18(17_3_24)"
8.744,"Hegne_L_20220809_214900.wav",0.996,"Buzz","analysis/data/buzz_detector/validation_data/audio/konstanz","FALSE","FALSE",1,0.8,"left",20000,50000,"rf_TEST18(17_3_24)"
39.571,"Hegne_L_20220809_214900.wav",0.9652,"Buzz","analysis/data/buzz_detector/validation_data/audio/konstanz","FALSE","FALSE",1,0.8,"left",20000,50000,"rf_TEST18(17_3_24)"
40.164,"Hegne_L_20220809_214900.wav",0.994533333333333,"Buzz","analysis/data/buzz_detector/validation_data/audio/konstanz","FALSE","FALSE",1,0.8,"left",20000,50000,"rf_TEST18(17_3_24)"
23.506,"Hegne_L_20220810_012100.wav",0.997033333333333,"Buzz","analysis/data/buzz_detector/validation_data/audio/konstanz","FALSE","FALSE",1,0.8,"left",20000,50000,"rf_TEST18(17_3_24)"
5.89,"Hegne_L_20220810_023900.wav",1,"Buzz","analysis/data/buzz_detector/validation_data/audio/konstanz","FALSE","FALSE",1,0.8,"left",20000,50000,"rf_TEST18(17_3_24)"
6.888,"Hegne_L_20220810_023900.wav",0.8653,"Buzz","analysis/data/buzz_detector/validation_data/audio/konstanz","FALSE","FALSE",1,0.8,"left",20000,50000,"rf_TEST18(17_3_24)"
12.392,"Hegne_L_20220908_210900.wav",0.945366666666667,"Buzz","analysis/data/buzz_detector/validation_data/audio/konstanz","FALSE","FALSE",1,0.8,"left",20000,50000,"rf_TEST18(17_3_24)"
29.383,"Hegne_L_20220908_210900.wav",0.986733333333333,"Buzz","analysis/data/buzz_detector/validation_data/audio/konstanz","FALSE","FALSE",1,0.8,"left",20000,50000,"rf_TEST18(17_3_24)"
12.258,"Hegne_L_20220908_223300.wav",0.987,"Buzz","analysis/data/buzz_detector/validation_data/audio/konstanz","FALSE","FALSE",1,0.8,"left",20000,50000,"rf_TEST18(17_3_24)"
0.692,"Hegne_L_20220909_015500.wav",1,"Buzz","analysis/data/buzz_detector/validation_data/audio/konstanz","FALSE","FALSE",1,0.8,"left",20000,50000,"rf_TEST18(17_3_24)"
8.941,"Hegne_L_20220909_015500.wav",1,"Buzz","analysis/data/buzz_detector/validation_data/audio/konstanz","FALSE","FALSE",1,0.8,"left",20000,50000,"rf_TEST18(17_3_24)"
34.146,"Hegne_L_20220909_015500.wav",1,"Buzz","analysis/data/buzz_detector/validation_data/audio/konstanz","FALSE","FALSE",1,0.8,"left",20000,50000,"rf_TEST18(17_3_24)"
44.207,"Hegne_L_20220909_015500.wav",1,"Buzz","analysis/data/buzz_detector/validation_data/audio/konstanz","FALSE","FALSE",1,0.8,"left",20000,50000,"rf_TEST18(17_3_24)"
9.714,"Hegne_L_20220909_015800.wav",1,"Buzz","analysis/data/buzz_detector/validation_data/audio/konstanz","FALSE","FALSE",1,0.8,"left",20000,50000,"rf_TEST18(17_3_24)"
24.594,"Hegne_L_20220909_015800.wav",0.9822,"Buzz","analysis/data/buzz_detector/validation_data/audio/konstanz","FALSE","FALSE",1,0.8,"left",20000,50000,"rf_TEST18(17_3_24)"
48.443,"Hegne_L_20220909_015800.wav",1,"Buzz","analysis/data/buzz_detector/validation_data/audio/konstanz","FALSE","FALSE",1,0.8,"left",20000,50000,"rf_TEST18(17_3_24)"
49.477,"Hegne_L_20220909_015800.wav",1,"Buzz","analysis/data/buzz_detector/validation_data/audio/konstanz","FALSE","FALSE",1,0.8,"left",20000,50000,"rf_TEST18(17_3_24)"
48.38,"Hegne_L_20220909_024300.wav",0.9995,"Buzz","analysis/data/buzz_detector/validation_data/audio/konstanz","FALSE","FALSE",1,0.8,"left",20000,50000,"rf_TEST18(17_3_24)"
45.725,"Hegne_L_20220909_041300.wav",0.994433333333333,"Buzz","analysis/data/buzz_detector/validation_data/audio/konstanz","FALSE","FALSE",1,0.8,"left",20000,50000,"rf_TEST18(17_3_24)"
46.584,"Hegne_L_20220909_041300.wav",1,"Buzz","analysis/data/buzz_detector/validation_data/audio/konstanz","FALSE","FALSE",1,0.8,"left",20000,50000,"rf_TEST18(17_3_24)"
6.694,"Hegne_P_20220809_215300.wav",0.9197,"Buzz","analysis/data/buzz_detector/validation_data/audio/konstanz","FALSE","FALSE",1,0.8,"left",20000,50000,"rf_TEST18(17_3_24)"
9.658,"Hegne_W_20220908_213800.wav",1,"Buzz","analysis/data/buzz_detector/validation_data/audio/konstanz","FALSE","FALSE",1,0.8,"left",20000,50000,"rf_TEST18(17_3_24)"
0.142,"Mettnau_M_20220726_233100.wav",1,"Buzz","analysis/data/buzz_detector/validation_data/audio/konstanz","FALSE","FALSE",1,0.8,"left",20000,50000,"rf_TEST18(17_3_24)"
1.004,"Mettnau_M_20220726_233100.wav",0.956266666666667,"Buzz","analysis/data/buzz_detector/validation_data/audio/konstanz","FALSE","FALSE",1,0.8,"left",20000,50000,"rf_TEST18(17_3_24)"
1.508,"Mettnau_M_20220726_233100.wav",0.970166666666667,"Buzz","analysis/data/buzz_detector/validation_data/audio/konstanz","FALSE","FALSE",1,0.8,"left",20000,50000,"rf_TEST18(17_3_24)"
2.409,"Mettnau_M_20220726_233100.wav",1,"Buzz","analysis/data/buzz_detector/validation_data/audio/konstanz","FALSE","FALSE",1,0.8,"left",20000,50000,"rf_TEST18(17_3_24)"
2.727,"Mettnau_M_20220726_233100.wav",1,"Buzz","analysis/data/buzz_detector/validation_data/audio/konstanz","FALSE","FALSE",1,0.8,"left",20000,50000,"rf_TEST18(17_3_24)"
3.045,"Mettnau_M_20220726_233100.wav",0.8903,"Buzz","analysis/data/buzz_detector/validation_data/audio/konstanz","FALSE","FALSE",1,0.8,"left",20000,50000,"rf_TEST18(17_3_24)"
3.376,"Mettnau_M_20220726_233100.wav",1,"Buzz","analysis/data/buzz_detector/validation_data/audio/konstanz","FALSE","FALSE",1,0.8,"left",20000,50000,"rf_TEST18(17_3_24)"
3.973,"Mettnau_M_20220726_233100.wav",1,"Buzz","analysis/data/buzz_detector/validation_data/audio/konstanz","FALSE","FALSE",1,0.8,"left",20000,50000,"rf_TEST18(17_3_24)"
4.623,"Mettnau_M_20220726_233100.wav",1,"Buzz","analysis/data/buzz_detector/validation_data/audio/konstanz","FALSE","FALSE",1,0.8,"left",20000,50000,"rf_TEST18(17_3_24)"
5.112,"Mettnau_M_20220726_233100.wav",0.940966666666667,"Buzz","analysis/data/buzz_detector/validation_data/audio/konstanz","FALSE","FALSE",1,0.8,"left",20000,50000,"rf_TEST18(17_3_24)"
5.496,"Mettnau_M_20220726_233100.wav",1,"Buzz","analysis/data/buzz_detector/validation_data/audio/konstanz","FALSE","FALSE",1,0.8,"left",20000,50000,"rf_TEST18(17_3_24)"
5.788,"Mettnau_M_20220726_233100.wav",1,"Buzz","analysis/data/buzz_detector/validation_data/audio/konstanz","FALSE","FALSE",1,0.8,"left",20000,50000,"rf_TEST18(17_3_24)"
6.161,"Mettnau_M_20220726_233100.wav",1,"Buzz","analysis/data/buzz_detector/validation_data/audio/konstanz","FALSE","FALSE",1,0.8,"left",20000,50000,"rf_TEST18(17_3_24)"
6.573,"Mettnau_M_20220726_233100.wav",0.983033333333333,"Buzz","analysis/data/buzz_detector/validation_data/audio/konstanz","FALSE","FALSE",1,0.8,"left",20000,50000,"rf_TEST18(17_3_24)"
7.25,"Mettnau_M_20220726_233100.wav",0.933033333333333,"Buzz","analysis/data/buzz_detector/validation_data/audio/konstanz","FALSE","FALSE",1,0.8,"left",20000,50000,"rf_TEST18(17_3_24)"
7.701,"Mettnau_M_20220726_233100.wav",1,"Buzz","analysis/data/buzz_detector/validation_data/audio/konstanz","FALSE","FALSE",1,0.8,"left",20000,50000,"rf_TEST18(17_3_24)"
8.019,"Mettnau_M_20220726_233100.wav",1,"Buzz","analysis/data/buzz_detector/validation_data/audio/konstanz","FALSE","FALSE",1,0.8,"left",20000,50000,"rf_TEST18(17_3_24)"
8.865,"Mettnau_M_20220726_233100.wav",0.914066666666667,"Buzz","analysis/data/buzz_detector/validation_data/audio/konstanz","FALSE","FALSE",1,0.8,"left",20000,50000,"rf_TEST18(17_3_24)"
9.224,"Mettnau_M_20220726_233100.wav",1,"Buzz","analysis/data/buzz_detector/validation_data/audio/konstanz","FALSE","FALSE",1,0.8,"left",20000,50000,"rf_TEST18(17_3_24)"
10.219,"Mettnau_M_20220726_233100.wav",0.935066666666667,"Buzz","analysis/data/buzz_detector/validation_data/audio/konstanz","FALSE","FALSE",1,0.8,"left",20000,50000,"rf_TEST18(17_3_24)"
10.657,"Mettnau_M_20220726_233100.wav",0.890566666666667,"Buzz","analysis/data/buzz_detector/validation_data/audio/konstanz","FALSE","FALSE",1,0.8,"left",20000,50000,"rf_TEST18(17_3_24)"
12.263,"Mettnau_M_20220726_233100.wav",1,"Buzz","analysis/data/buzz_detector/validation_data/audio/konstanz","FALSE","FALSE",1,0.8,"left",20000,50000,"rf_TEST18(17_3_24)"
12.834,"Mettnau_M_20220726_233100.wav",0.915466666666667,"Buzz","analysis/data/buzz_detector/validation_data/audio/konstanz","FALSE","FALSE",1,0.8,"left",20000,50000,"rf_TEST18(17_3_24)"
13.061,"Mettnau_M_20220726_233100.wav",1,"Buzz","analysis/data/buzz_detector/validation_data/audio/konstanz","FALSE","FALSE",1,0.8,"left",20000,50000,"rf_TEST18(17_3_24)"
13.564,"Mettnau_M_20220726_233100.wav",0.968366666666667,"Buzz","analysis/data/buzz_detector/validation_data/audio/konstanz","FALSE","FALSE",1,0.8,"left",20000,50000,"rf_TEST18(17_3_24)"
13.935,"Mettnau_M_20220726_233100.wav",0.982866666666667,"Buzz","analysis/data/buzz_detector/validation_data/audio/konstanz","FALSE","FALSE",1,0.8,"left",20000,50000,"rf_TEST18(17_3_24)"
14.591,"Mettnau_M_20220726_233100.wav",0.9647,"Buzz","analysis/data/buzz_detector/validation_data/audio/konstanz","FALSE","FALSE",1,0.8,"left",20000,50000,"rf_TEST18(17_3_24)"
15.032,"Mettnau_M_20220726_233100.wav",0.9662,"Buzz","analysis/data/buzz_detector/validation_data/audio/konstanz","FALSE","FALSE",1,0.8,"left",20000,50000,"rf_TEST18(17_3_24)"
15.657,"Mettnau_M_20220726_233100.wav",0.913466666666667,"Buzz","analysis/data/buzz_detector/validation_data/audio/konstanz","FALSE","FALSE",1,0.8,"left",20000,50000,"rf_TEST18(17_3_24)"
16.796,"Mettnau_M_20220726_233100.wav",0.983033333333333,"Buzz","analysis/data/buzz_detector/validation_data/audio/konstanz","FALSE","FALSE",1,0.8,"left",20000,50000,"rf_TEST18(17_3_24)"
18.454,"Mettnau_M_20220726_233100.wav",0.9552,"Buzz","analysis/data/buzz_detector/validation_data/audio/konstanz","FALSE","FALSE",1,0.8,"left",20000,50000,"rf_TEST18(17_3_24)"
20.176,"Mettnau_M_20220726_233100.wav",0.970366666666667,"Buzz","analysis/data/buzz_detector/validation_data/audio/konstanz","FALSE","FALSE",1,0.8,"left",20000,50000,"rf_TEST18(17_3_24)"
20.576,"Mettnau_M_20220726_233100.wav",0.9662,"Buzz","analysis/data/buzz_detector/validation_data/audio/konstanz","FALSE","FALSE",1,0.8,"left",20000,50000,"rf_TEST18(17_3_24)"
21.285,"Mettnau_M_20220726_233100.wav",0.9662,"Buzz","analysis/data/buzz_detector/validation_data/audio/konstanz","FALSE","FALSE",1,0.8,"left",20000,50000,"rf_TEST18(17_3_24)"
28.557,"Mettnau_W_20220727_033500.wav",0.8971,"Buzz","analysis/data/buzz_detector/validation_data/audio/konstanz","FALSE","FALSE",1,0.8,"left",20000,50000,"rf_TEST18(17_3_24)"
40.335,"Mettnau_W_20220727_033500.wav",0.8816,"Buzz","analysis/data/buzz_detector/validation_data/audio/konstanz","FALSE","FALSE",1,0.8,"left",20000,50000,"rf_TEST18(17_3_24)"
0.742,"Mettnau_W_20220808_223400.wav",0.838133333333333,"Buzz","analysis/data/buzz_detector/validation_data/audio/konstanz","FALSE","FALSE",1,0.8,"left",20000,50000,"rf_TEST18(17_3_24)"
1.402,"Mettnau_W_20220808_223400.wav",0.986833333333333,"Buzz","analysis/data/buzz_detector/validation_data/audio/konstanz","FALSE","FALSE",1,0.8,"left",20000,50000,"rf_TEST18(17_3_24)"
2.077,"Mettnau_W_20220808_223400.wav",0.931933333333333,"Buzz","analysis/data/buzz_detector/validation_data/audio/konstanz","FALSE","FALSE",1,0.8,"left",20000,50000,"rf_TEST18(17_3_24)"
2.873,"Mettnau_W_20220808_223400.wav",0.9211,"Buzz","analysis/data/buzz_detector/validation_data/audio/konstanz","FALSE","FALSE",1,0.8,"left",20000,50000,"rf_TEST18(17_3_24)"
3.64,"Mettnau_W_20220808_223400.wav",0.951133333333333,"Buzz","analysis/data/buzz_detector/validation_data/audio/konstanz","FALSE","FALSE",1,0.8,"left",20000,50000,"rf_TEST18(17_3_24)"
10.1,"Mettnau_W_20220808_223400.wav",0.988666666666667,"Buzz","analysis/data/buzz_detector/validation_data/audio/konstanz","FALSE","FALSE",1,0.8,"left",20000,50000,"rf_TEST18(17_3_24)"
10.515,"Mettnau_W_20220808_223400.wav",0.977,"Buzz","analysis/data/buzz_detector/validation_data/audio/konstanz","FALSE","FALSE",1,0.8,"left",20000,50000,"rf_TEST18(17_3_24)"
17.433,"Mettnau_W_20220808_223400.wav",0.998,"Buzz","analysis/data/buzz_detector/validation_data/audio/konstanz","FALSE","FALSE",1,0.8,"left",20000,50000,"rf_TEST18(17_3_24)"
22.73,"Mettnau_W_20220808_223400.wav",0.859033333333333,"Buzz","analysis/data/buzz_detector/validation_data/audio/konstanz","FALSE","FALSE",1,0.8,"left",20000,50000,"rf_TEST18(17_3_24)"
22.719,"Mettnau_W_20220809_000000.wav",0.811566666666667,"Buzz","analysis/data/buzz_detector/validation_data/audio/konstanz","FALSE","FALSE",1,0.8,"left",20000,50000,"rf_TEST18(17_3_24)"
45.058,"Rado_L_20220813_004500.wav",0.983866666666667,"Buzz","analysis/data/buzz_detector/validation_data/audio/konstanz","FALSE","FALSE",1,0.8,"left",20000,50000,"rf_TEST18(17_3_24)"
47.731,"Rado_L_20220813_004500.wav",0.9822,"Buzz","analysis/data/buzz_detector/validation_data/audio/konstanz","FALSE","FALSE",1,0.8,"left",20000,50000,"rf_TEST18(17_3_24)"
48.85,"Rado_L_20220813_004500.wav",1,"Buzz","analysis/data/buzz_detector/validation_data/audio/konstanz","FALSE","FALSE",1,0.8,"left",20000,50000,"rf_TEST18(17_3_24)"
17.279,"Rado_L_20220813_053000.wav",0.9787,"Buzz","analysis/data/buzz_detector/validation_data/audio/konstanz","FALSE","FALSE",1,0.8,"left",20000,50000,"rf_TEST18(17_3_24)"
36.83,"Rado_L_20220813_053000.wav",1,"Buzz","analysis/data/buzz_detector/validation_data/audio/konstanz","FALSE","FALSE",1,0.8,"left",20000,50000,"rf_TEST18(17_3_24)"
13.973,"Rado_L_20220906_021400.wav",1,"Buzz","analysis/data/buzz_detector/validation_data/audio/konstanz","FALSE","FALSE",1,0.8,"left",20000,50000,"rf_TEST18(17_3_24)"
41.179,"Rado_L_20220906_042800.wav",0.988666666666667,"Buzz","analysis/data/buzz_detector/validation_data/audio/konstanz","FALSE","FALSE",1,0.8,"left",20000,50000,"rf_TEST18(17_3_24)"
0.434,"Rado_P_20220715_201600.wav",0.8596,"Buzz","analysis/data/buzz_detector/validation_data/audio/konstanz","FALSE","FALSE",1,0.8,"left",20000,50000,"rf_TEST18(17_3_24)"
24.814,"Rado_P_20220715_201600.wav",0.890966666666667,"Buzz","analysis/data/buzz_detector/validation_data/audio/konstanz","FALSE","FALSE",1,0.8,"left",20000,50000,"rf_TEST18(17_3_24)"
30.474,"Rado_P_20220715_201600.wav",0.989666666666667,"Buzz","analysis/data/buzz_detector/validation_data/audio/konstanz","FALSE","FALSE",1,0.8,"left",20000,50000,"rf_TEST18(17_3_24)"
46.309,"Rado_P_20220715_201600.wav",0.873533333333333,"Buzz","analysis/data/buzz_detector/validation_data/audio/konstanz","FALSE","FALSE",1,0.8,"left",20000,50000,"rf_TEST18(17_3_24)"
48.459,"Rado_P_20220715_201600.wav",0.9548,"Buzz","analysis/data/buzz_detector/validation_data/audio/konstanz","FALSE","FALSE",1,0.8,"left",20000,50000,"rf_TEST18(17_3_24)"
48.682,"Rado_P_20220715_201600.wav",0.9936,"Buzz","analysis/data/buzz_detector/validation_data/audio/konstanz","FALSE","FALSE",1,0.8,"left",20000,50000,"rf_TEST18(17_3_24)"
50.149,"Rado_P_20220715_201600.wav",0.9763,"Buzz","analysis/data/buzz_detector/validation_data/audio/konstanz","FALSE","FALSE",1,0.8,"left",20000,50000,"rf_TEST18(17_3_24)"
0.306,"WM_L_20220702_034100.wav",1,"Buzz","analysis/data/buzz_detector/validation_data/audio/konstanz","FALSE","FALSE",1,0.8,"left",20000,50000,"rf_TEST18(17_3_24)"
34.376,"WM_L_20220810_234400.wav",1,"Buzz","analysis/data/buzz_detector/validation_data/audio/konstanz","FALSE","FALSE",1,0.8,"left",20000,50000,"rf_TEST18(17_3_24)"
24.128,"WM_L_20220824_214800.wav",1,"Buzz","analysis/data/buzz_detector/validation_data/audio/konstanz","FALSE","FALSE",1,0.8,"left",20000,50000,"rf_TEST18(17_3_24)"
14.866,"WM_M_20220810_204100.wav",0.984866666666667,"Buzz","analysis/data/buzz_detector/validation_data/audio/konstanz","FALSE","FALSE",1,0.8,"left",20000,50000,"rf_TEST18(17_3_24)"
15.422,"WM_M_20220810_204100.wav",0.852566666666667,"Buzz","analysis/data/buzz_detector/validation_data/audio/konstanz","FALSE","FALSE",1,0.8,"left",20000,50000,"rf_TEST18(17_3_24)"
15.865,"WM_M_20220810_204100.wav",0.892661904761905,"Buzz","analysis/data/buzz_detector/validation_data/audio/konstanz","FALSE","FALSE",1,0.8,"left",20000,50000,"rf_TEST18(17_3_24)"
16.389,"WM_M_20220810_204100.wav",0.9995,"Buzz","analysis/data/buzz_detector/validation_data/audio/konstanz","FALSE","FALSE",1,0.8,"left",20000,50000,"rf_TEST18(17_3_24)"
0.198,"20220420_A-19_P-J_192602_1_Emb.wav",0.9682,"Buzz","analysis/data/buzz_detector/validation_data/audio/panama","FALSE","FALSE",1,0.8,"left",20000,50000,"rf_TEST18(17_3_24)"
0.158,"20220420_A-19_P-J_192702_2_Mol.wav",0.998,"Buzz","analysis/data/buzz_detector/validation_data/audio/panama","FALSE","FALSE",1,0.8,"left",20000,50000,"rf_TEST18(17_3_24)"
0.381,"20220420_A-19_P-J_192702_4_Mol.wav",0.9802,"Buzz","analysis/data/buzz_detector/validation_data/audio/panama","FALSE","FALSE",1,0.8,"left",20000,50000,"rf_TEST18(17_3_24)"
0.193,"20220420_A-19_P-J_192802_2_Mol.wav",1,"Buzz","analysis/data/buzz_detector/validation_data/audio/panama","FALSE","FALSE",1,0.8,"left",20000,50000,"rf_TEST18(17_3_24)"
0.165,"20220420_A-19_P-J_192802_4_Mol.wav",0.994533333333333,"Buzz","analysis/data/buzz_detector/validation_data/audio/panama","FALSE","FALSE",1,0.8,"left",20000,50000,"rf_TEST18(17_3_24)"
0.191,"20220420_A-19_P-J_192802_5_Mol.wav",0.941433333333333,"Buzz","analysis/data/buzz_detector/validation_data/audio/panama","FALSE","FALSE",1,0.8,"left",20000,50000,"rf_TEST18(17_3_24)"
0.297,"20220420_A-19_P-J_192802_6_Mol.wav",1,"Buzz","analysis/data/buzz_detector/validation_data/audio/panama","FALSE","FALSE",1,0.8,"left",20000,50000,"rf_TEST18(17_3_24)"
0.234,"20220420_A-19_P-J_193602_4_Emb.wav",0.9901,"Buzz","analysis/data/buzz_detector/validation_data/audio/panama","FALSE","FALSE",1,0.8,"left",20000,50000,"rf_TEST18(17_3_24)"
0.228,"20220420_A-19_P-J_193702_3_Emb.wav",0.973333333333333,"Buzz","analysis/data/buzz_detector/validation_data/audio/panama","FALSE","FALSE",1,0.8,"left",20000,50000,"rf_TEST18(17_3_24)"
0.209,"20220420_A-19_P-J_194002_3_Emb.wav",0.844433333333333,"Buzz","analysis/data/buzz_detector/validation_data/audio/panama","FALSE","FALSE",1,0.8,"left",20000,50000,"rf_TEST18(17_3_24)"
0.189,"20220505_A-02_P-F_191902_10_Mol.wav",0.994,"Buzz","analysis/data/buzz_detector/validation_data/audio/panama","FALSE","FALSE",1,0.8,"left",20000,50000,"rf_TEST18(17_3_24)"
0.225,"20220505_A-02_P-F_192002_2_Nalb.wav",1,"Buzz","analysis/data/buzz_detector/validation_data/audio/panama","FALSE","FALSE",1,0.8,"left",20000,50000,"rf_TEST18(17_3_24)"
0.214,"20220505_A-02_P-F_192002_7_Emb.wav",1,"Buzz","analysis/data/buzz_detector/validation_data/audio/panama","FALSE","FALSE",1,0.8,"left",20000,50000,"rf_TEST18(17_3_24)"
0.189,"20220505_A-02_P-F_192002_9_Emb.wav",0.853933333333333,"Buzz","analysis/data/buzz_detector/validation_data/audio/panama","FALSE","FALSE",1,0.8,"left",20000,50000,"rf_TEST18(17_3_24)"
0.198,"20220505_A-02_P-F_192102_11_Mol.wav",0.996,"Buzz","analysis/data/buzz_detector/validation_data/audio/panama","FALSE","FALSE",1,0.8,"left",20000,50000,"rf_TEST18(17_3_24)"
0.165,"20220505_A-02_P-F_192402_4_Mol.wav",1,"Buzz","analysis/data/buzz_detector/validation_data/audio/panama","FALSE","FALSE",1,0.8,"left",20000,50000,"rf_TEST18(17_3_24)"
0.129,"20220505_A-02_P-F_192602_1_Mol.wav",0.982366666666667,"Buzz","analysis/data/buzz_detector/validation_data/audio/panama","FALSE","FALSE",1,0.8,"left",20000,50000,"rf_TEST18(17_3_24)"
0.188,"20220512_A-18_P-M_190902_1_Mol.wav",0.988666666666667,"Buzz","analysis/data/buzz_detector/validation_data/audio/panama","FALSE","FALSE",1,0.8,"left",20000,50000,"rf_TEST18(17_3_24)"
0.181,"20220512_A-18_P-M_192202_4_Mol.wav",1,"Buzz","analysis/data/buzz_detector/validation_data/audio/panama","FALSE","FALSE",1,0.8,"left",20000,50000,"rf_TEST18(17_3_24)"
0.156,"20220512_A-18_P-M_192302_3_Nalb&Mol.wav",1,"Buzz","analysis/data/buzz_detector/validation_data/audio/panama","FALSE","FALSE",1,0.8,"left",20000,50000,"rf_TEST18(17_3_24)"
0.222,"20220512_A-18_P-M_192402_7_Emb.wav",1,"Buzz","analysis/data/buzz_detector/validation_data/audio/panama","FALSE","FALSE",1,0.8,"left",20000,50000,"rf_TEST18(17_3_24)"
0.17,"20220629_A-20_P-F_191102_11_Mol.wav",0.98,"Buzz","analysis/data/buzz_detector/validation_data/audio/panama","FALSE","FALSE",1,0.8,"left",20000,50000,"rf_TEST18(17_3_24)"
0.164,"20220803_A-19_P-L_191700_12_Nalb.wav",1,"Buzz","analysis/data/buzz_detector/validation_data/audio/panama","FALSE","FALSE",1,0.8,"left",20000,50000,"rf_TEST18(17_3_24)"
0.202,"20220803_A-19_P-L_191700_17_Nalb.wav",1,"Buzz","analysis/data/buzz_detector/validation_data/audio/panama","FALSE","FALSE",1,0.8,"left",20000,50000,"rf_TEST18(17_3_24)"
0.32,"20220803_A-19_P-L_191700_18_Nalb.wav",1,"Buzz","analysis/data/buzz_detector/validation_data/audio/panama","FALSE","FALSE",1,0.8,"left",20000,50000,"rf_TEST18(17_3_24)"
0.482,"20220803_A-19_P-L_191700_22_Nalb.wav",1,"Buzz","analysis/data/buzz_detector/validation_data/audio/panama","FALSE","FALSE",1,0.8,"left",20000,50000,"rf_TEST18(17_3_24)"
0.189,"20220803_A-19_P-L_191800_18_Nalb.wav",0.996,"Buzz","analysis/data/buzz_detector/validation_data/audio/panama","FALSE","FALSE",1,0.8,"left",20000,50000,"rf_TEST18(17_3_24)"
0.434,"20220803_A-19_P-L_191800_8_Nalb.wav",1,"Buzz","analysis/data/buzz_detector/validation_data/audio/panama","FALSE","FALSE",1,0.8,"left",20000,50000,"rf_TEST18(17_3_24)"
0.214,"20220803_A-19_P-L_192000_6_Nalb.wav",1,"Buzz","analysis/data/buzz_detector/validation_data/audio/panama","FALSE","FALSE",1,0.8,"left",20000,50000,"rf_TEST18(17_3_24)"
0.231,"20220803_A-19_P-L_193000_3_Nalb.wav",0.998033333333333,"Buzz","analysis/data/buzz_detector/validation_data/audio/panama","FALSE","FALSE",1,0.8,"left",20000,50000,"rf_TEST18(17_3_24)"
0.22,"20220803_A-19_P-L_195500_1_Nalb.wav",1,"Buzz","analysis/data/buzz_detector/validation_data/audio/panama","FALSE","FALSE",1,0.8,"left",20000,50000,"rf_TEST18(17_3_24)"
0.163,"20220810_A-03_P-B_190800_4_Mol.wav",0.9995,"Buzz","analysis/data/buzz_detector/validation_data/audio/panama","FALSE","FALSE",1,0.8,"left",20000,50000,"rf_TEST18(17_3_24)"
0.178,"20220810_A-03_P-B_190900_1_Mol.wav",1,"Buzz","analysis/data/buzz_detector/validation_data/audio/panama","FALSE","FALSE",1,0.8,"left",20000,50000,"rf_TEST18(17_3_24)"
0.174,"20220810_A-03_P-B_191100_14_Mol.wav",0.998033333333333,"Buzz","analysis/data/buzz_detector/validation_data/audio/panama","FALSE","FALSE",1,0.8,"left",20000,50000,"rf_TEST18(17_3_24)"
0.173,"20220810_A-03_P-B_191100_5_Nalb.wav",0.998033333333333,"Buzz","analysis/data/buzz_detector/validation_data/audio/panama","FALSE","FALSE",1,0.8,"left",20000,50000,"rf_TEST18(17_3_24)"
0.196,"20220810_A-03_P-B_191100_6_Mol.wav",0.9878,"Buzz","analysis/data/buzz_detector/validation_data/audio/panama","FALSE","FALSE",1,0.8,"left",20000,50000,"rf_TEST18(17_3_24)"
0.223,"20220810_A-03_P-B_191200_4_Emb.wav",0.9996,"Buzz","analysis/data/buzz_detector/validation_data/audio/panama","FALSE","FALSE",1,0.8,"left",20000,50000,"rf_TEST18(17_3_24)"
0.207,"20220810_A-03_P-B_191200_5_Mol.wav",0.9802,"Buzz","analysis/data/buzz_detector/validation_data/audio/panama","FALSE","FALSE",1,0.8,"left",20000,50000,"rf_TEST18(17_3_24)"
0.229,"20220810_A-03_P-B_191200_9_Emb.wav",1,"Buzz","analysis/data/buzz_detector/validation_data/audio/panama","FALSE","FALSE",1,0.8,"left",20000,50000,"rf_TEST18(17_3_24)"
0.132,"20220810_A-03_P-B_191300_4_Mol.wav",0.996,"Buzz","analysis/data/buzz_detector/validation_data/audio/panama","FALSE","FALSE",1,0.8,"left",20000,50000,"rf_TEST18(17_3_24)"
0.216,"20220810_A-03_P-B_191600_17_Emb.wav",0.9876,"Buzz","analysis/data/buzz_detector/validation_data/audio/panama","FALSE","FALSE",1,0.8,"left",20000,50000,"rf_TEST18(17_3_24)"
0.292,"20220810_A-03_P-B_191900_1_Emb.wav",0.96,"Buzz","analysis/data/buzz_detector/validation_data/audio/panama","FALSE","FALSE",1,0.8,"left",20000,50000,"rf_TEST18(17_3_24)"
0.177,"20220810_A-03_P-B_191900_12_Mol.wav",0.996,"Buzz","analysis/data/buzz_detector/validation_data/audio/panama","FALSE","FALSE",1,0.8,"left",20000,50000,"rf_TEST18(17_3_24)"
0.206,"20220810_A-03_P-B_192100_2_Emb.wav",0.980366666666667,"Buzz","analysis/data/buzz_detector/validation_data/audio/panama","FALSE","FALSE",1,0.8,"left",20000,50000,"rf_TEST18(17_3_24)"
0.212,"20220810_A-03_P-B_192100_8_Mol.wav",1,"Buzz","analysis/data/buzz_detector/validation_data/audio/panama","FALSE","FALSE",1,0.8,"left",20000,50000,"rf_TEST18(17_3_24)"
0.253,"20220810_A-03_P-B_192100_9_Emb&Mol.wav",0.8755,"Buzz","analysis/data/buzz_detector/validation_data/audio/panama","FALSE","FALSE",1,0.8,"left",20000,50000,"rf_TEST18(17_3_24)"
0.25,"20220810_A-03_P-B_192200_1_Emb.wav",0.988366666666667,"Buzz","analysis/data/buzz_detector/validation_data/audio/panama","FALSE","FALSE",1,0.8,"left",20000,50000,"rf_TEST18(17_3_24)"
0.237,"20220810_A-03_P-B_192200_3_Emb.wav",0.9956,"Buzz","analysis/data/buzz_detector/validation_data/audio/panama","FALSE","FALSE",1,0.8,"left",20000,50000,"rf_TEST18(17_3_24)"
0.212,"20220810_A-03_P-B_192300_3_Emb.wav",0.986033333333333,"Buzz","analysis/data/buzz_detector/validation_data/audio/panama","FALSE","FALSE",1,0.8,"left",20000,50000,"rf_TEST18(17_3_24)"
0.19,"20220810_A-03_P-B_192400_8_Mol.wav",0.9916,"Buzz","analysis/data/buzz_detector/validation_data/audio/panama","FALSE","FALSE",1,0.8,"left",20000,50000,"rf_TEST18(17_3_24)"
0.227,"20220810_A-03_P-B_192500_12_Emb.wav",0.971833333333333,"Buzz","analysis/data/buzz_detector/validation_data/audio/panama","FALSE","FALSE",1,0.8,"left",20000,50000,"rf_TEST18(17_3_24)"
0.202,"20220810_A-03_P-B_192500_6_Nalb.wav",1,"Buzz","analysis/data/buzz_detector/validation_data/audio/panama","FALSE","FALSE",1,0.8,"left",20000,50000,"rf_TEST18(17_3_24)"
